[{"text": "Bed", "children": [{"text": "Regular bed", "children": [{"text": "Bed Unit", "children": [{"text": "Bed sleep area", "id": 3, "name": "bed_sleep_area"}, {"text": "Bed frame", "children": [{"text": "Headboard", "id": 5, "name": "headboard"}, {"text": "Bed frame horizontal surface", "children": [{"text": "Frame horizontal hard surface", "objs": ["original-29"], "id": 7, "name": "frame_horizontal_hard_surface"}], "id": 6, "name": "bed_frame_horizontal_surface"}], "id": 4, "name": "bed_frame"}], "id": 2, "name": "bed_unit"}], "id": 1, "name": "regular_bed"}], "id": 0, "name": "bed"}]